{
    "mean": 2.3726781421075054,
    "variance": 0.04123786687090661,
    "time": 0.03755903244018555
}