{
    "mean": 2.3345934719761114,
    "variance": 0.059252513388374235,
    "time": 0.007516622543334961
}